1 Sentence Fiction, 4, 580
30 Day iTune Shuffle Challenge, 1, 0
31 Days of Rarepairs Challenge, 2, 0
Acting, 6, 11382
Age Play, 6, 15841
akutadashi's Fictember 2020, 1, 2020
Aliases, 4, 636
Aliens, 7, 30253
Alpha Thomas, 3, 123
Alternate Universe - American Revolution, 4, 509
Alternate Universe - Angels Are Known, 3, 60
Animate Object, 3, 80
Antagonism, 4, 488
AOD 2015 Fan Fiction Iron Chef, 1, 0
Applied Phlebotinum, 3, 29
Arcades, 5, 1327
Arguing, 7, 26492
Ascension, 4, 401
Ask-verse, 2, 23
Badwrong Weeks 2020, 1, 2020
Baristas, 6, 4938
Bickering, 6, 11754
Bishop Myriel Fundraiser Winter 2021-2022, 1, 0
Bongs, 3, 104
Bosnia, 2, 0
Boypussy, 6, 6225
Bring Back The Porn Challenge, 3, 59
Cabarets, 4, 151
Canon - Japanese, 6, 7431
Career Change, 4, 300
Cautionary Tale, 3, 65
Challenge Accepted, 3, 81
Challenge: OTP Battle, 2, 21
Christmas With Family, 4, 192
Color Blindness, 4, 678
Community: 10iloveyou, 2, 0
Community: 30randomkisses, 1, 0
Community: 500themes, 2, 0
Community: 5_nevers, 1, 0
Community: 64damn_prompts, 3, 29
Community: bbcland, 1, 0
Community: cosasdemayores, 1, 0
Community: death_bigbang, 1, 0
Community: death_bingo, 2, 0
Community: help_japan, 3, 85
Community: helpsomalia, 1, 0
Community: ineedmyfics, 1, 0
Community: itsproductivity, 1, 0
Community: jump100, 1, 0
Community: multifan_gift, 2, 0
Community: prompt-in-a-box, 2, 0
Community: santa_smex, 1, 0
Community: saying_yes_2010, 1, 0
Community: smallfandomflsh, 3, 42
Community: tentinyfandoms, 1, 0
Community: ushobwri, 3, 47
Coping, 7, 27688
Corner of Creation Discord Monthly Challenge February 2022: Happy Endings, 1, 0
Crack and Angst, 5, 2310
Crip Big Bang, 1, 0
Crying, 7, 75546
Cultural Differences, 6, 9063
Customer Service & Tech Support, 4, 333
Dark Annie, 1, 0
Dark Character, 7, 28950
Day After Tomorrow Challenge, 1, 0
Desi Source, 1, 0
Dick or Treat Fest, 3, 103
discokonomi's Sex Pollen Fest 2022, 1, 0
Early Days, 5, 737
Embarrassment, 6, 13959
Environment, 4, 609
Episode: e048, 3, 30
Episode: e063, 2, 0
Episode: e073, 3, 33
Episode: s01e03, 5, 2603
Episode: s01e08, 5, 2048
Episode: s02e17, 4, 476
Episode: s03e09, 5, 833
Episode: s03e15, 5, 833
Episode: s05e09, 4, 335
Episode: s05e19, 4, 334
Episode: s05e23, 3, 73
Episode: s17e02, 2, 0
Everyone is Dead, 5, 1607
Expanded Universe, 4, 289
Facebook, 4, 383
Facebook: Keep Calm And Write Something, 3, 69
Family Fanfiction Indonesia | FamilyFI2019, 2, 0
Febuwhump, 5, 2564
Festivids, 4, 497
First Born, 3, 43
First Contact, 4, 394
Fragments of Sappho Challenge, 1, 0
Fridge Logic, 3, 48
Frostbite, 4, 610
Gangbang, 6, 11154
guywhodoesart's Janoiry Prompt List 2023, 1, 0
Heat Stroke, 5, 836
Heroes & Heroines, 7, 45451
Heteronormativity, 5, 1609
Hiding, 6, 3750
Hook-Up, 6, 5134
House Cleaning, 5, 718
Human Biology, 3, 130
Humor, 8, 507929
I'm Sorry, 7, 55672
Ice Cream Parlors, 4, 579
Inspiration, 5, 953
Interviews, 5, 3024
Introversion, 4, 406
Islamophobia, 4, 202
Keyboard Smash, 4, 639
Laura Feels, 3, 43
Lindsay Bashing, 2, 0
Luxury, 4, 286
Lypnepys 2022 | June Writing Challenge 2022, 1, 0
magpie_fngrl's 2021 Summer Writin' Challenge, 1, 0
Marimo, 2, 0
Mayhem, 4, 350
Memoirs, 4, 309
Mentioned Niijima Sae, 2, 0
Micro Pod Fest 2022, 2, 0
Middle East, 3, 101
Mind Meld, 5, 2230
Mission Related, 4, 169
Misunderstandings, 7, 79867
Modern Assassins, 4, 337
Moose, 4, 173
Murder Wives, 4, 270
Nail Polish, 5, 1770
Norway (Country), 4, 170
Not Beta Read, 8, 266158
Ocean, 6, 5350
Old Souls, 3, 57
Omnipotence, 3, 103
Orcs, 5, 1268
Original Character(s), 8, 115688
Paladins, 4, 390
Parades, 5, 1395
Paranoia, 6, 5418
Parley, 4, 243
Partner Swapping, 5, 749
Perfume, 4, 398
Podfic Length: Over 20 Hours, 3, 66
Poetry, 7, 51649
Poor Michael, 3, 42
Poor Tony, 4, 365
Post-Episode: s05e09, 3, 52
Post-Magic Reveal, 5, 1219
POV Connor, 4, 235
POV Darcy, 4, 174
Prompt Fill, 7, 60515
R&R, 4, 147
12 Step Programs, 3, 35
25 Day Holiday OTP Challenge, 3, 84
30 Kisses Challenge, 4, 361
31 Days of Ficmas, 4, 129
Advice, 6, 4024
Afterlife, 6, 9004
Alpha Clyde, 2, 0
Ambiguity, 7, 67062
Anglo-Irish Relations, 3, 39
Annual Femslash Kinkmeme, 3, 47
April Daily Prompts: Quarantined Quests, 1, 0
Autism Acceptance Month 2016, 1, 0
Babbling, 4, 156
Bad Bang, 3, 38
Bards, 4, 607
Big Bang Challenge, 6, 7537
Bodyguard, 6, 5613
Book 5, 5, 2877
Bottom Spencer, 4, 251
Butts, 5, 1964
Canadian Blowjob Day, 3, 49
Canon - Cartoon, 4, 303
Causality, 5, 859
Cesarean Section, 4, 301
Challenge: Pleiten Pech und Pannen, 1, 0
Chases, 6, 3252
Cheers to the Summer Fandom Event 2022, 1, 0
Childishness, 4, 646
China, 4, 552
Cisgender, 4, 616
Cleaning, 5, 1125
Closeted, 6, 6481
Cloud 9.75 Server's Secret Santa 2021, 1, 0
Co-workers, 6, 4543
Communication Failure, 7, 34200
Community: 100fandoms, 3, 111
Community: 100moods, 1, 0
Community: 20_inkspots, 1, 0
Community: 20_truths, 2, 0
Community: 40fandoms, 3, 82
Community: 52_saveurs, 1, 0
Community: 5_prompts, 2, 0
Community: fc_smorgasbord, 3, 64
Community: fluff_friday, 2, 0
Community: ineedmyfics, 1, 0
Community: ladies_fest, 1, 0
Community: onlysensible, 1, 0
Community: random_hundreds, 1, 0
Community: remix_goes_wild, 2, 0
Community: retoaleatorio, 3, 26
Community: seasonofkink, 4, 364
Community: spook_me, 4, 174
Community: tentinyfandoms, 1, 0
Community: the_deepbluesea, 1, 0
Community: thepurpledove, 1, 0
Community: worth_500, 1, 0
Community: writerconuk, 1, 0
Confessions, 8, 165067
Corny, 5, 649
Cuckquean, 4, 504
Dark Character, 7, 28950
Death, 8, 416891
Death in Childbirth, 5, 885
Deleted Scenes, 5, 2280
Desire, 5, 2700
deviantART, 5, 676
Disasters, 5, 679
Domestic Boyfriends, 6, 3710
Drama, 8, 163206
Dramedy, 5, 1205
Endearments, 5, 2281
Engineering, 4, 374
Episode Style, 4, 617
Episode: s02e13, 5, 2161
Episode: s05e01, 5, 711
Episode: s06e23, 3, 41
Episode: s07e01, 4, 501
Episode: s14e01, 2, 0
Escapril Poetry Challenge, 3, 40
EsDeFanfics' Kinktober 2021, 3, 45
Evil Wins, 4, 199
Fables - Freeform, 4, 280
FAGE 13 | Fic Awesome Gift Exchange 13, 1, 0
Fanwork of Fanwork, 4, 214
Female Connor, 3, 35
Fictogemino, 3, 45
Final Fantasy Kiss Battle 2012, 2, 0
Fisting, 6, 9824
Fixed Points in Time (Doctor Who), 3, 33
Flexibility, 4, 412
Forevver Alone, 3, 46
Formula 1, 4, 338
Freckles, 5, 1372
GISHWHES, 4, 161
God(dess) of Death, 5, 1799
Good Peter, 5, 2230
Goths, 5, 845
Guidance Counselors, 3, 127
Halloween Bingo-A-Thon, 2, 0
Hatchlings, 4, 162
Having Faith, 5, 1820
Heartbreak, 7, 21362
Height Differences, 6, 3462
Hentai, 5, 930
Heroine's Journey, 4, 176
Hive Mind, 4, 478
Hot Dwarves, 2, 0
Immortal Violence, 2, 0
Impersonation, 4, 514
Inspired by the Legend of Pandora's Box (Ancient Greek Religion & Lore), 3, 100
Intrigue, 5, 2665
iPod Meme, 2, 0
John is a Bit Not Good, 4, 337
Last Day On Earth, 4, 165
Legos, 4, 370
Limericks, 4, 407
Lions, 4, 439
Magical Inheritance, 4, 143
Mentioned Ventus (Kingdom Hearts), 3, 47
Meteor, 5, 1018
Michael is a Little Shit, 4, 186
Mid-Season, 3, 67
Minor Hoshizora Rin/Koizumi Hanayo, 2, 0
Mirrors, 6, 10587
Multifandom Półmaraton, 1, 0
multishipfest's Multiship of Madness Halloween Week 2022, 2, 0
Murder Wives, 4, 270
Muse's Story of Chance Fest, 1, 0
Neevebrody Fandom Forward Auction, 1, 0
Nerd Cullen, 2, 0
New Zealand, 4, 274
No Lube, 5, 1717
Not Really Character Death, 7, 37057
Nude Photos, 6, 3276
Omega Jackson, 3, 82
Omega Martin, 2, 0
Omovember, 4, 513
Oops, 6, 4943
Pandas, 3, 99
Parasites, 5, 902
Personality Swap, 5, 673
Pissember, 3, 90
Platypuses, 3, 54
Political Expediency, 3, 97
Port Play, 1, 0
Post-Apocalypse, 6, 12891
Post-Episode: e031, 2, 0
Post-Episode: e033, 2, 24
Post-Episode: s01e24, 3, 34
Post-Episode: s02e15, 3, 32
Post-Episode: s06e22, 2, 0
Post-Episode: s16e15, 1, 0
Post-Season/Series 03A AU, 3, 90
Pre-Oath, 2, 0
Pre-Season/Series 10, 3, 74
Problems, 5, 3229
Protective Jason, 5, 2334
Punching, 5, 2166
Rare Pair Month, 3, 34
Reality Bending, 5, 1003
References to Jane Austen, 4, 494
Restaurants, 7, 49144
Rewriting Toxic Myths, 3, 29
Rusalka (Water Spirit), 3, 81
Ryan-centric, 3, 111
Saints, 4, 143
Season/Series 05-06, 2, 0
Self-Insert, 6, 14327
Sentinel/Guide Bonding, 4, 610
Service Animals, 5, 1509
Shaving, 5, 2916
Shock, 5, 1761
Sleep, 7, 31237
Smarm, 4, 313
Snowflake Challenge, 3, 31
Soul-Crushing, 3, 117
Soulmates, 8, 121294
St. Andrew's Cross, 4, 157
Stopwatch, 3, 35
Storytelling Collective Fanfiction Challenge, 1, 0
Strained Relationships, 5, 1142
Sumerian Mythology - Freeform, 3, 51
Taoism, 3, 47
Ten Songs Meme, 3, 65
The Beta Branch Forum AU April, 2, 0
The Big Short Challenge, 2, 0
Three Word Challenge, 3, 37
Thriller, 6, 6562
Time Travel, 7, 67124
tumblr: caffibun, 1, 0
Turkmenistan, 1, 0
Unstable Will Graham, 3, 38
Utopia, 4, 510
Valentine's Challenge, 3, 96
Vampaneze, 2, 0
Vidukon UK Vid Convention, 3, 38
Walking In On Someone, 5, 1688
Welsh Character, 4, 535
What-if Challenge, 3, 56
Worksafe, 5, 3209
