Superman/Batman, relationship, 9439
Clark Kent, character, 28188
Bruce Wayne, character, 70115
Alfred Pennyworth, character, 23686
Jonathan Kent, character, 6715
Martha Kent, character, 2556
Thomas Wayne, character, 882
Martha Wayne, character, 747
Helena Bertinelli/Dinah Lance, relationship, 284
Helena Bertinelli, character, 1491
Dinah Lance, character, 2890
Renee Montoya, character, 858
Harley Quinn, character, 8413
some ouchies in this, freeform, 0
and hurt/comfort, freeform, 881891
and a bit fluff, freeform, 2069705
and a bit of angst, freeform, 233694
cause I'm me lol, freeform, 0
more harmless than the canon violence I think though, freeform, 0
Original Female Character & Original Male Character, relationship, 2081
Original Characters, character, 690193
Artemisia I of Caria, character, 30
Various Character(s), character, 321
Minor Characters, character, 19638
Darkseid (DCU), character, 279
Background & Cameo Characters, character, 22287
Self-Insert, freeform, 14314
Black Male Character, freeform, 204
Black Character(s), freeform, 3294
Blondes, freeform, 0
Male-Female Friendship, freeform, 27041
Interracial Relationship, freeform, 3191
Sequel, freeform, 9922
Superheroes, freeform, 26323
Supervillains, freeform, 1427
Superpowers, freeform, 26254
Weapons, freeform, 70911
Swords, freeform, 9499
Fights, freeform, 47843
Epic Battles, freeform, 1149
Original Character(s), freeform, 115583
Original Character-centric, freeform, 4991
Major Original Character(s), freeform, 5995
Out of Character, freeform, 70274
2020s, freeform, 458
Alternate Universe - Modern Setting, freeform, 292308
Alternate Universe, freeform, 1918115
Magic-Users, freeform, 31970
Magic, freeform, 156727
Heroes & Heroines, freeform, 45426
Villains, freeform, 23414
Good versus Evil, freeform, 707
Planets, freeform, 2961
Interplanetary Travel, freeform, 986
Space Opera, freeform, 3950
Science Fiction, freeform, 38996
Fantasy, freeform, 129065
High Fantasy, freeform, 1631
Urban Fantasy, freeform, 7474
Action/Adventure, freeform, 101425
Action, freeform, 28996
Violence, freeform, 472487
Clark Kent/Bruce Wayne, relationship, 9439
Conner Kent, character, 10563
Bottom Clark Kent, freeform, 549
somewhere in time parody, freeform, 0
Batman(Robert Pattinson) / Superman (Henry Cavill), freeform, 0
Roy Harper/Jason Todd, relationship, 2356
Tim Drake/Kon-El | Conner Kent, relationship, 4291
Jason Todd, character, 52625
Roy Harper, character, 10997
Koriand'r (DCU), character, 6161
Kon-El | Conner Kent, character, 10563
Tim Drake, character, 42998
Barbara Gordon, character, 12193
Hurt/Comfort, freeform, 881891
Emotional Hurt/Comfort, freeform, 239651
Found Family, freeform, 111037
Alternate Timelines, freeform, 7242
Tim Drake/Ra's al Ghul, relationship, 400
Ra's al Ghul, character, 3161
Alpha/Beta/Omega Dynamics, freeform, 142571
Omega Tim Drake, freeform, 509
Alpha Ra's al Ghul, freeform, 67
Induced heats, freeform, 0
Drug-Induced Sex, freeform, 1434
Kidnapping, freeform, 73939
Obsession, freeform, 14024
Unhealthy Relationships, freeform, 38835
Emotional Manipulation, freeform, 31497
Ra's being Ra's I guess, freeform, 0
This Is Why We Can't Have Nice Things, freeform, 8829
Older Man/Younger Man, freeform, 5287
no beta we die like jason todd, freeform, 265893
Astra/Alex Danvers, relationship, 1323
Alex Danvers, character, 22164
Astra (Supergirl TV 2015), character, 1773
Alternate Universe - Canon Divergence, freeform, 470470
Astra (Supergirl TV 2015) Lives, freeform, 204
Established Relationship, freeform, 447029
Fluff, freeform, 2069751
Oswald Cobblepot/Edward Nygma, relationship, 4941
Oswald Cobblepot, character, 8133
Edward Nygma, character, 10457
Post-Finale, freeform, 4381
Fix-It, freeform, 146299
Set during the limo episode, freeform, 0
like the title says, freeform, 0
Smut, freeform, 606154
PWP, freeform, 238930
Praise Kink, freeform, 76540
Weight Issues, freeform, 1897
body issues, freeform, 7371
Injury issues, freeform, 0
Age Issues, freeform, 0
yes cobblepot has them all, freeform, 0
Body Worship, freeform, 24409
lil bit of angst, freeform, 233694
Hand Jobs, freeform, 103129
Touch-Starved, freeform, 24557
Episode: s05e12 The Beginning, freeform, 0
Sara Lance, character, 12141
Oliver Queen, character, 21207
Felicity Smoak, character, 14568
Not Beta Read, freeform, 265893
Self-Reflection, freeform, 6116
Kinda, freeform, 0
Inner Dialogue, freeform, 2387
Fear of Death, freeform, 3154
Fear, freeform, 24516
Short, freeform, 85040
How Do I Tag, freeform, 90085
I Don't Even Know, freeform, 32492
Bad Ending, freeform, 8260
Headcanon, freeform, 27626
Dialogue Light, freeform, 1936
Short One Shot, freeform, 62346
Wordcount: 100-1.000, freeform, 7212
Dick Grayson & Jason Todd, relationship, 5391
Jason Todd & Bruce Wayne, relationship, 5088
Dick Grayson & Bruce Wayne, relationship, 4810
Dick Grayson, character, 60934
Alternative Perspective, freeform, 1736
Hurt No Comfort, freeform, 75951
Emotional Hurt, freeform, 32242
Crying, freeform, 75493
Tears, freeform, 7958
Character Death, freeform, 277334
Sad Ending, freeform, 26621
Father-Son Relationship, freeform, 24136
Father Figures, freeform, 3561
Hurt Dick Grayson, freeform, 2205
Hurt Jason Todd, freeform, 1303
Jason Todd Needs A Hug, freeform, 3264
Brothers, freeform, 36355
Original Character, character, 690193
Joker, character, 14798
Original Female Character, character, 257354
Cassandra Cain & Damian Wayne, relationship, 316
Dick Grayson & Damian Wayne, relationship, 3773
Batfamily Members, character, 2470
I swear, freeform, 0
Wally West, character, 11520
Original Female Character(s), character, 257354
Hal Jordan, character, 5018
Carol Ferris, character, 295
Guy Gardner, character, 798
Barry Allen, character, 24432
Iris West, character, 10120
Kaldur'ahm (DCU), character, 2702
Arthur Curry (DCU), character, 2401
Artemis Crock, character, 4330
J'onn J'onzz, character, 7113
M'gann M'orzz, character, 3646
Friends to Lovers, freeform, 219365
Slow Burn, freeform, 228482
Team Bonding, freeform, 7863
Alien Culture, freeform, 3743
Post-Traumatic Stress Disorder - PTSD, freeform, 125725
Implied/Referenced Child Abuse, freeform, 84685
Fluff and Angst, freeform, 321414
Romance, freeform, 595935
Eventual Romance, freeform, 53128
Teen Romance, freeform, 19814
First Love, freeform, 18896
Other Additional Tags to Be Added, freeform, 212287
Clark Kent/Lois Lane, relationship, 3381
Lois Lane, character, 6899
Lex Luthor, character, 8858
Lana Lang, character, 1233
Chloe Sullivan, character, 2113
Friendship, freeform, 657399
Canon Related, freeform, 125506
Love, freeform, 577255
John Diggle, character, 6470
Thea Queen, character, -2
Steve Rogers, character, 196765
Natasha Romanov (Marvel), character, 123804
Tony Stark, character, 195360
Pepper Potts, character, 47890
James "Rhodey" Rhodes, character, 25590
Sam Wilson (Marvel), character, 60070
Thor (Marvel), character, 70410
James "Bucky" Barnes, character, 145357
Clint Barton, character, 101416
Bruce Banner, character, 65586
Time Skips, freeform, 21620
Domestic Fluff, freeform, 182809
Husbands, freeform, 6405
pure fluff, freeform, 2069751
One Shot, freeform, 304987
Post-Canon, freeform, 205863
Bart Allen, character, 4468
Coffee, freeform, 8455
Humor, freeform, 507701
Crack, freeform, 177726
Rough Sex, freeform, 131116
Creampie, freeform, 45187
Age Difference, freeform, 71713
Barry Allen/Iris West, relationship, 4751
Gift Giving, freeform, 8668
Multiverse, freeform, 7866
Missing Scene, freeform, 50508
Jim Gordon, character, 7242
Roman Sionis, character, 1550
Selina Kyle, character, 8122
POV First Person, freeform, 44416
Politics, freeform, 21544
Police, freeform, 17606
Drugs, freeform, 152280
Corruption, freeform, 9039
Merlin (Merlin), character, 37590
Mordred (Merlin), character, 2851
Gaius (Merlin), character, 7668
Angst, freeform, 1719761
Developing Relationship, freeform, 72859
Merlin/Arthur Pendragon (Merlin), relationship, 26729
Morgana (Merlin), character, 11290
Arthur Pendragon (Merlin), character, 33312
Art, freeform, 100803
Serious Injuries, freeform, 8349
Broken Bones, freeform, 8491
Canon Era, freeform, 14306
Blood, freeform, 282692
Protective Arthur, freeform, 2299
Murder, freeform, 82247
Crazy, freeform, 3216
Insanity, freeform, 12518
Madness, freeform, 3668
Horror, freeform, 72486
Infidelity, freeform, 64013
Vampires, freeform, 75333
Blood Drinking, freeform, 24834
Temporary Character Death, freeform, 26336
Halloween, freeform, 34065
Swearing, freeform, 116806
Additional Warnings In Author's Note, freeform, 17573
Alternate Universe - Canon, freeform, 490726
Alternate Universe - Childhood Friends, freeform, 4989
Childhood Friends, freeform, 42132
Arranged Marriage, freeform, 28509
Knights of the Round Table (Merlin), character, 2043
Modern Era, freeform, 302555
Gwen (Merlin), character, 11966
Merlin, character, 50348
angsty, freeform, 1719761
Angst and Hurt/Comfort, freeform, 109649
Merlin/Arthur Pendragon, relationship, 31559
Uther Pendragon (Merlin), character, 5510
Gwaine (Merlin), character, 11159
Percival (Merlin), character, 5670
Leon (Merlin), character, 7000
Elyan (Merlin), character, 4344
Oral Sex, freeform, 497179
Anal Sex, freeform, 300163
Outdoor Sex, freeform, 14430
Idiots in Love, freeform, 94562
Original Male Character(s), character, 161319
Bondage, freeform, 113612
Rimming, freeform, 72953
Threesome - M/M/M, freeform, 37694
Punishment, freeform, 18627
Fluff and Smut, freeform, 164784
Alternate Universe - College/University, freeform, 140701
Flirting, freeform, 95868
Falling In Love, freeform, 125341
Short & Sweet, freeform, 39372
Merlin & Arthur Pendragon (Merlin), relationship, 5050
Bromance, freeform, 11550
Minor Character Death, freeform, 76430
Grief/Mourning, freeform, 104027
Gabriel (Supernatural), character, 27516
Nico di Angelo, character, 18178
Stiles Stilinski, character, 93048
Crossover, freeform, 98782
Hogwarts, freeform, 11214
Canon Compliant, freeform, 177704
Banter, freeform, 38269
Ficlet, freeform, 51432
Hunith (Merlin), character, 2490
Kilgharrah (Merlin), character, 2015
Lancelot (Merlin), character, 6425
Alternate Universe - Royalty, freeform, 26482
Role Reversal, freeform, 12097
Max Verstappen, character, 4458
Introspection, freeform, 54486
Mutual Pining, freeform, 150102
Slice of Life, freeform, 81546
True Love, freeform, 26071
Flowers, freeform, 20963
Charles Leclerc, character, 3985
Marriage Proposal, freeform, 40455
Male Slash, freeform, 14687
Male Friendship, freeform, 17954
Rivalry, freeform, 15054
Misunderstandings, freeform, 79807
Near Death Experiences, freeform, 17635
Love Confessions, freeform, 124796
Mild Hurt/Comfort, freeform, -2
Enemies to Friends, freeform, 12415
Daniel Ricciardo, character, 3516
Pierre Gasly, character, 2252
One Shot Collection, freeform, 20063
Light Dom/sub, freeform, 80416
Anders (Dragon Age), character, 9517
Female Hawke (Dragon Age), character, 8758
That's it, freeform, 0
Cole (Dragon Age), character, 5310
Cassandra Pentaghast, character, 9760
The Iron Bull (Dragon Age), character, 10787
Watersports, freeform, 22301
Aftercare, freeform, 39142
Orgasm Delay, freeform, 4246
Explicit Sexual Content, freeform, 133029
Female Inquisitor/Solas (Dragon Age), relationship, 6330
Female Inquisitor (Dragon Age), character, 20000
Female Lavellan (Dragon Age), character, 9192
Solas (Dragon Age), character, 11695
Alistair (Dragon Age), character, 8422
Leliana (Dragon Age), character, 9733
Wakes & Funerals, freeform, 6517
Bathing/Washing, freeform, 58028
Secret Relationship, freeform, 48773
Sibling Rivalry, freeform, 4576
Sibling Love, freeform, 21822
Enemies to Friends to Lovers, freeform, 44146
Motherhood, freeform, 18983
Class Differences, freeform, 2888
Power Dynamics, freeform, 28860
Angst with a Happy Ending, freeform, 240074
Varric Tethras, character, 14834
Shameless Smut, freeform, 62627
Teasing, freeform, 72934
Dirty Talk, freeform, 109973
Vaginal Fingering, freeform, 83982
Vaginal Sex, freeform, 118837
Size Difference, freeform, 28036
Cassandra Pentaghast/Varric Tethras, relationship, 660
Promises, freeform, 6914
Mild Angst, freeform, 233694
Unhealthy Coping Mechanisms, freeform, 21847
Consensual Non-Consent, freeform, 6604
Consensual But Not Safe Or Sane, freeform, 2091
Mild Blood, freeform, 16961
Choking, freeform, 42155
Verbal Humiliation, freeform, 13291
Semi-Public Sex, freeform, 57418
Clothed Sex, freeform, 17292
First Kiss, freeform, 170702
Pre-Relationship, freeform, 127470
Whump, freeform, 56827
Canon-Typical Violence, freeform, 144819
Pining, freeform, 310121
Sibling Incest, freeform, 54252
Incest, freeform, 105118
Polyamory, freeform, 112038
Sex Toys, freeform, 143130
Background Relationships, freeform, 160319
Dom/sub, freeform, 216508
Rope Bondage, freeform, 16564
Male Lavellan/Dorian Pavus, relationship, 1832
Dorian Pavus, character, 14398
Male Lavellan (Dragon Age), character, 3173
First Meetings, freeform, 87869
Death, freeform, 416595
Cullen Rutherford, character, 16357
Female Trevelyan (Dragon Age), character, 5840
Past Relationship(s), freeform, 64960
Threesome - F/M/M, freeform, 28509
Blow Jobs, freeform, 216533
Alcohol, freeform, 208056
Cunnilingus, freeform, 67854
Female Lavellan/Cullen Rutherford, relationship, 2394
Iron Bull/Dorian Pavus, relationship, 3225
Female Inquisitor/Cullen Rutherford, relationship, 8130
Zevran Arainai, character, 5603
Female Hawke, character, 8758
Fenris (Dragon Age), character, 8905
Niall Horan, character, 32860
Louis Tomlinson, character, 47456
Harry Styles, character, 50712
Mystery, freeform, 44539
Creepy, freeform, 7668
Liam Payne, character, 31674
Denial of Feelings, freeform, 22418
Alternate Universe - Hospital, freeform, 3432
Major Character Injury, freeform, 29111
Harry Styles/Louis Tomlinson, relationship, 38711
Song Lyrics, freeform, 13071
Boys In Love, freeform, 43328
Slow Build, freeform, 262936
Eventual Smut, freeform, 87140
Famous Harry, freeform, 1117
Zayn Malik, character, 30830
Gemma Styles, character, 3324
Alternate Universe - Coffee Shops & Cafés, freeform, -2
Joker (DCU)/Harleen Quinzel, relationship, 1821
Joker (DCU)/Bruce Wayne, relationship, 2738
Pamela Isley/Harleen Quinzel, relationship, 2529
Joker (DCU), character, 6579
Harleen Quinzel, character, 8414
Batman, character, 70115
Kissing, freeform, 424976
Alternate Universe - High School, freeform, 86336
Hospitals, freeform, 36302
Sort Of, freeform, 0
Letters, freeform, 29283
Recreational Drug Use, freeform, 25202
Drinking, freeform, 82877
larry stylinson - Freeform, freeform, 0
Longing, freeform, 310121
Secrets, freeform, 89823
I Will Go Down With This Ship, freeform, 17221
Fake Dating, freeform, 39402
Zayn Malik/Liam Payne, relationship, -2
Niall Horan/Liam Payne, relationship, 2264
Coming Out, freeform, 41393
First Time, freeform, 145980
Work In Progress, freeform, 18592
College, freeform, 155793
Mild Sexual Content, freeform, 128191
Translation, freeform, 8691
Español | Spanish, freeform, -2
Bottom Harry, freeform, 5924
Safewords, freeform, 8244
Light Bondage, freeform, 34906
Yelena Belova & Natasha Romanov, relationship, 1532
Steve Rogers & Natasha Romanov, relationship, 3313
Yelena Belova, character, 6331
Peter Parker, character, 91976
Heavy Angst, freeform, 73723
Arguing, freeform, 26496
Tony Stark Acting as Peter Parker's Parental Figure, freeform, 13756
Tony Stark Has A Heart, freeform, 19412
Precious Peter Parker, freeform, 9338
Peter Parker is a Good Bro, freeform, 928
Social Anxiety, freeform, 6423
Loki/Mobius M. Mobius, relationship, 3295
Loki & Thor (Marvel), relationship, 5546
Loki (Marvel), character, 70054
Mobius M. Mobius, character, 4327
Hela (Marvel), character, 2320
Stephen Strange, character, 20374
Ravonna Lexus Renslayer, character, 709
Graphic Description, freeform, 11874
Alternate Universe - Dark, freeform, 7552
Hurt Loki (Marvel), freeform, 2081
Abusive Relationships, freeform, 14989
Post-Thor: Ragnarok (2017), freeform, 1866
Thor is a Good Bro (Marvel), freeform, 1995
Protective Thor (Marvel), freeform, 1549
Sexual Tension, freeform, 89734
Jealousy, freeform, 103971
Torture, freeform, 103206
Psychological Torture, freeform, 13302
Jotunn Loki (Marvel), freeform, 3419
Implied/Referenced Self-Harm, freeform, 47545
James "Bucky" Barnes/Clint Barton, relationship, 5183
Drax the Destroyer, character, 3353
Peter Quill, character, 8073
Fluff and Crack, freeform, 29236
Deaf Clint Barton, freeform, 3813
Escape, freeform, 4432
James "Bucky" Barnes/Reader, relationship, 14094
Reader, character, 223716
Bucky Barnes Has Issues, freeform, 1997
Bucky Barnes Feels, freeform, 7434
Protective Bucky Barnes, freeform, 6758
Surprise Kissing, freeform, 4267
Angst and Fluff and Smut, freeform, 26514
Sarah Rogers, character, 2456
Nick Fury, character, 26685
Fake/Pretend Relationship, freeform, 39402
Fake Marriage, freeform, 5519
James "Bucky" Barnes/Steve Rogers, relationship, 59578
Sexual Content, freeform, 1421369
Kinktober, freeform, 21954
Kinktober 2021, freeform, 3774
Stucky - Freeform, freeform, 0
James "Bucky" Barnes/Sam Wilson, relationship, 9531
Anal Play, freeform, 142022
Butt Plugs, freeform, 13140
Cock Rings, freeform, 6832
Orgasm Denial, freeform, 13347
James "Bucky" Barnes/Helmut Zemo, relationship, 1550
Helmut Zemo, character, 3670
Gags, freeform, 15257
Crack Treated Seriously, freeform, 44156
Phone Sex, freeform, 14153
Pepper Potts/Tony Stark, relationship, 21429
Wanda Maximoff/Vision, relationship, 5363
Steve Rogers & Tony Stark, relationship, 5612
Clint Barton & Natasha Romanov, relationship, 5563
James "Rhodey" Rhodes & Tony Stark, relationship, 4159
Bruce Banner & Tony Stark, relationship, 2679
Peter Parker & Tony Stark, relationship, 26984
Tony Stark & Avengers Team, relationship, 2740
Rocket Raccoon, character, 5630
Nebula (Marvel), character, 4083
Carol Danvers, character, 8093
Wanda Maximoff, character, 35882
Vision (Marvel), character, 13646
Agatha Harkness, character, 1269
Not Avengers: Endgame (Movie) Compliant, freeform, 4785
Clint Barton & Natasha Romanov Friendship, freeform, 2092
Team as Family, freeform, 39028
Steve Rogers & Natasha Romanov Friendship, freeform, 874
Steve Rogers/Tony Stark, relationship, 43502
Whumptober 2021, freeform, 6104
Permanent Injury, freeform, 3027
Disability, freeform, 55972
Hurt Tony Stark, freeform, 5334
Protective Steve Rogers, freeform, 6730
Married Couple, freeform, 47522
Natasha Stark, character, 480
Flufftober, freeform, 4378
Bruce Banner/Thor, relationship, 2366
Bruce Banner & Natasha Romanov, relationship, -2
Hulk (Marvel), character, 4565
Depression, freeform, 103880
Suicidal Thoughts, freeform, 79139
Bruce Banner Needs a Hug, freeform, 991
Loki Needs a Hug (Marvel), freeform, 4587
Odin's A+ Parenting (Marvel), freeform, 2254
COVID-19, freeform, 0
James "Bucky" Barnes & Sam Wilson, relationship, 3381
Christina Raynor, character, 261
Emotional Baggage, freeform, 12793
Moving On, freeform, 7539
Recovery, freeform, 37327
Warm and Fuzzy Feelings, freeform, 10244
Harley Keener, character, 6776
Tony Stark Is a Good Bro, freeform, 1614
Tony Stark is a Good Dad, freeform, 611
May Parker (Spider-Man), character, 17642
College AU, freeform, 140701
Peggy Carter/Steve Rogers, relationship, 6498
James "Bucky" Barnes & Steve Rogers, relationship, 11650
Peggy Carter, character, 18401
Angie Martinelli, character, 3026
Other Avengers, character, 3590
Canon Divergence - Post-Captain America: The Winter Soldier, freeform, 975
World Travel, freeform, 2297
Domestic Avengers, freeform, 6171
Aleksandr Vitalyevich Marchant/James Richard Wilson, relationship, 514
James Richard Wilson, character, 696
Aleksandr Vitalyevich Marchant, character, 797
Sleepovers, freeform, 8103
Blowjobs, freeform, 216533
Drug Use, freeform, 105790
Alternate Universe - Rock Band, freeform, 6788
Alternate Universe - Time Travel, freeform, 9822
Voyeurism, freeform, 63511
Minor Violence, freeform, 40538
Original Character/Original Character, relationship, 57534
Eventual Happy Ending, freeform, 28441
AU, freeform, 1918145
Robbery, freeform, 3041
Reader Insert, freeform, 66633
None, relationship, 35766
mafia, freeform, 33209
Ok Taecyeon, character, 247
Yaoi, freeform, 19895
Hwang Chansung, character, 150
Lee Junho, character, 199
Nichkhun Horvejkul, character, 163
Jang Wooyoung, character, 169
Abandoned Work - Unfinished and Discontinued, freeform, 15156
Lee Donghae, character, 3376
Kim Heechul, character, 2742
Lee Hyukjae | Eunhyuk, character, 3390
Lee Taemin, character, 5687
Dancing, freeform, 55966
Prostitution, freeform, 25651
Suicide Attempt, freeform, 51761
POV Second Person, freeform, 37027
Kim Jongwoon | Yesung, character, 2133
Drabble Collection, freeform, 28786
Triggers, freeform, 19266
Eating Disorders, freeform, 25703
Mental Health Issues, freeform, 320140
Alternate Universe - Gender Changes, freeform, 16759
Mildly Dubious Consent, freeform, 30869
Aziraphale/Crowley (Good Omens), relationship, 42865
Crowley (Good Omens), character, 45845
Aziraphale (Good Omens), character, 45843
Anxiety, freeform, 91512
Nightmares, freeform, 72761
Hastur (Good Omens), character, 2781
OMC, character, 161319
Demons, freeform, 54007
Post-Apocalypse, freeform, 12882
Beelzebub (Good Omens), character, 4176
Gabriel (Good Omens), character, 6742
Michael (Good Omens), character, 2419
Anathema Device, character, 4125
Porn With Plot, freeform, 62332
Alternate Universe - Human, freeform, 48312
BDSM, freeform, 415842
Adam Young (Good Omens), character, 3053
Feels, freeform, 155701
Unrequited Love, freeform, 90139
Requited Love, freeform, 6393
Aziraphale & Crowley (Good Omens), relationship, 11985
Newton Pulsifer, character, 2865
Pepper (Good Omens), character, 1059
Ineffable Husbands (Good Omens), freeform, 7415
Crowley Loves Aziraphale (Good Omens), freeform, 6617
Aziraphale Loves Crowley (Good Omens), freeform, 6570
Christmas, freeform, 97447
Christmas Fluff, freeform, 40771
Christmas Presents, freeform, 7612
Tooth-Rotting Fluff, freeform, 101770
Implied/Referenced Domestic Violence, freeform, 7194
Happy Ending, freeform, 389249
Protective Crowley (Good Omens), freeform, 1211
Sleepy Cuddles, freeform, 25777
Injury Recovery, freeform, 14828
Will Graham/Hannibal Lecter, relationship, 24945
Crack Crossover, freeform, 3957
Homosexuality, freeform, 153038
Historical, freeform, 75466
Adventure, freeform, 33779
Warlock Dowling, character, 1811
Snowball Fight, freeform, 4633
friends - Freeform, freeform, 657413
Fun, freeform, 8679
Post-Almost Apocalypse (Good Omens), freeform, 1785
Disabled Character, freeform, 33713
Protective Aziraphale (Good Omens), freeform, 1315
Dysfunctional Family, freeform, 17461
Genderfluid Crowley (Good Omens), freeform, 881
Aziraphale's Bookshop (Good Omens), freeform, 1225
Unhappy Ending, freeform, 17739
Suicide, freeform, 192762
Implied/Referenced Character Death, freeform, 77710
soft, freeform, 0
Self-Doubt, freeform, 12910
No Smut, freeform, 45672
No Sex, freeform, 12168
Desperation, freeform, 8606
Anal Fingering, freeform, 134855
Satan | Lucifer (Good Omens), character, 1137
Wingfic, freeform, 6537
South Downs Cottage (Good Omens), freeform, 2049
Cody Ko/Noel Miller, relationship, 383
Cody Ko, character, 422
Noel Miller, character, 408
Teacher-Student Relationship, freeform, 20322
Reader-Insert, freeform, 66634
Reader-Interactive, freeform, 4876
Cody Ko & Noel Miller, relationship, 60
Angst and Feels, freeform, 46802
Best Friends, freeform, 56971
Platonic Soulmates, freeform, 8202
Sad, freeform, 233230
Transgender, freeform, 4558
Denial, freeform, 33280
Gender Issues, freeform, 3439
Implied Sexual Content, freeform, 80945
Eminem, character, 325
Funny, freeform, 17065
Drabble, freeform, 235621
Original Child Character(s), character, 37480
Colson Baker | Machine Gun Kelly, character, 410
Phone Calls & Telephones, freeform, 21525
Fluff and Humor, freeform, 110936
Angst and Humor, freeform, 18548
Drunken Confessions, freeform, 11150
Implied/Referenced Drug Use, freeform, 25004
Plot What Plot/Porn Without Plot, freeform, 238930
Hair-pulling, freeform, 25984
Anxiety Attacks, freeform, 19434
Cat/Human Hybrids, freeform, 6014
Caretaking, freeform, 13357
Car Sex, freeform, 16807
Spit As Lube, freeform, 8109
Exhibitionism, freeform, 36250
Like, freeform, 3587
Overstimulation, freeform, 43126
Finger Sucking, freeform, 11425
Cuckolding, freeform, 6614
Gay Sex, freeform, 37377
Prose Poem, freeform, 3125
Open Relationships, freeform, 6139
Gay Male Character, freeform, 33133
Everyone Is Gay, freeform, 21281
Blindness, freeform, 12300
Blood and Gore, freeform, 49074
Brainwashing, freeform, 11223
Stockholm Syndrome, freeform, 12246
Attempted Murder, freeform, 12165
Sadism, freeform, 15111
Feminization, freeform, 11391
Forced Feminization, freeform, 2775
Daddy Kink, freeform, 48595
Urination, freeform, 29014
Loss of Virginity, freeform, 35977
Beating, freeform, 3655
Clara Oswin Oswald, character, 7335
Amy Pond, character, 6303
Rory Williams, character, 4968
Eleventh Doctor, character, 11075
Twelfth Doctor, character, 7826
Missy (Doctor Who), character, 2767
The Doctor/River Song, relationship, 5896
Twelfth Doctor/River Song, relationship, 1043
The Doctor (Doctor Who), character, 59060
River Song, character, 7850
So Married, freeform, 1286
Eleventh Doctor/River Song, relationship, 3621
Comfort/Angst, freeform, 12194
Love/Hate, freeform, 16785
The Doctor/The Master (Doctor Who), relationship, 5238
The Master (Doctor Who), character, 9234
Implied/Referenced Suicide, freeform, 64088
Mental Instability, freeform, 16402
Anger, freeform, 32495
but not really, freeform, 0
References to Depression, freeform, 24832
Unreliable Narrator, freeform, 21002
Rose Tyler, character, 18008
Time Travel, freeform, 67069
Soulmates, freeform, 121238
soul mates, freeform, 121238
Reincarnation, freeform, 37461
Ninth Doctor/Rose Tyler, relationship, 3052
Ninth Doctor, character, 5653
Telepathic Bond, freeform, 2677
Innuendo, freeform, 8349
Tenth Doctor, character, 20039
Self-Harm, freeform, 99582
Domestic Violence, freeform, 23173
Blood and Injury, freeform, 69665
Head Injury, freeform, 8712
Concussions, freeform, 3958
Nonbinary Character, freeform, 42589
Prompt Fill, freeform, 60492
Flash Fic, freeform, 9701
Crossovers & Fandom Fusions, freeform, 196622
Tessa Gray, character, 1617
Jem Carstairs, character, 1461
Tenth Doctor (duplicate)/Rose Tyler, relationship, 3178
Tenth Doctor (duplicate), character, 3575
Phil Coulson, character, 36518
Thor, character, 81160
Headaches & Migraines, freeform, 5593
Cuddling & Snuggling, freeform, 165728
Donna Noble, character, 5433
Singing, freeform, 15218
Tenth Doctor/Rose Tyler, relationship, 10604
Telepathy, freeform, 11635
Danger, freeform, 2805
Mind Control, freeform, 21775
Swimming, freeform, 7022
Amy Pond/Rory Williams, relationship, 2769
Twelfth Doctor/Clara Oswin Oswald, relationship, 2930
Drama, freeform, 163126
Kara Danvers/Lena Luthor, relationship, 19176
Kara Danvers, character, 31362
Lena Luthor, character, 21420
Diana (Wonder Woman), character, 9785
Lucifer Morningstar (Lucifer TV), character, 10051
Lena Luthor Knows Kara Danvers Is Supergirl, freeform, 2400
Claustrophobia, freeform, 3654
Mild Smut, freeform, 24715
Travel, freeform, 31855
Samantha "Sam" Arias, character, 3595
Ice Skating, freeform, 6723
Autumn, freeform, 4487
Dorks in Love, freeform, 22956
Nia Nal, character, 2707
James "Jimmy" Olsen, character, 5109
Therapy, freeform, 17507
Flashbacks, freeform, 45927
Panic Attacks, freeform, 82570
Gun Violence, freeform, 15609
This Is Sad, freeform, 233230
Eliza Danvers, character, 2864
Winn Schott Jr., character, 5916
Drunk Sex, freeform, 20640
Break Up, freeform, 48247
Post-Break Up, freeform, 16534
Bathroom Sex, freeform, 9471
Kinktober 2020, freeform, 3078
Pegging, freeform, 13282
Femdom, freeform, 16872
Hand Job, freeform, 103132
Don't copy to another site, freeform, 0
Andrea Rojas, character, 827
Office Sex, freeform, 11484
Lesbian Sex, freeform, 20814
Nipple Play, freeform, 31291
Humiliation, freeform, 49299
Strap-Ons, freeform, 15863
J'onn J'onzz | Hank Henshaw, character, 4902
alternative universe, freeform, 1918201
Alex Danvers/Maggie Sawyer, relationship, 6173
Maggie Sawyer, character, 8038
Family Drama, freeform, 25231
Mental Anguish, freeform, 4164
Childhood Trauma, freeform, 25576
Random & Short, freeform, 7659
Cisco Ramon, character, 10755
Caitlin Snow, character, 9296
Crack Fic, freeform, 177738
Minor or Background Relationship(s), relationship, 60470
Oliver Queen/Felicity Smoak, relationship, 11408
Selina Kyle/Bruce Wayne, relationship, 4129
Pamela Isley, character, 4793
Damian Wayne, character, 32441
Femslash, freeform, 27615
Family Fluff, freeform, 54050
Adoption, freeform, 41969
Meet the Family, freeform, 4619
Girl Penis, freeform, 6422
Daryl Dixon, character, 15398
Rick Grimes, character, 11475
Negan (Walking Dead), character, 5098
Maggie Greene, character, 4603
Past Abuse, freeform, 40895
Alternate Universe - Sugar Daddy, freeform, 2398
Shower Sex, freeform, 22342
Scars, freeform, 20414
Collars, freeform, 16680
Zombies, freeform, 19051
Sex, freeform, 1061507
Michonne (Walking Dead), character, 4242
Carl Grimes, character, 6085
Carol Peletier, character, 5598
Zombie Apocalypse, freeform, 12920
Siblings, freeform, 174859
Omega Verse, freeform, 27450
Non-Traditional Alpha/Beta/Omega Dynamics, freeform, 14423
Alpha/Omega, freeform, 27770
Forced Bonding, freeform, 3073
Aged-Up Character(s), freeform, 69420
Mpreg, freeform, 72863
Public Sex, freeform, 56661
James "Bucky" Barnes/Original Female Character(s), relationship, 5164
Possessive Behavior, freeform, 69724
Parent/Child Incest, freeform, 16512
Grinding, freeform, 17331
Dark, freeform, 74255
Family Bonding, freeform, 39047
Clarke Griffin/Lexa, relationship, 12703
Lexa (The 100), character, 14001
Clarke Griffin, character, 29384
Luna (The 100), character, 1182
Abby Griffin, character, 7591
Raven Reyes, character, 14800
Bellamy Blake, character, 21158
Inspired by Fanart, freeform, 5143
Plot Twists, freeform, 8860
Apocalypse, freeform, 26312
No Angst, freeform, 16032
You, character, 41395
Comfort, freeform, 99411
Body Image, freeform, 7372
Hate to Love, freeform, 5345
Hate Sex, freeform, 13719
Attempted Rape/Non-Con, freeform, 13285
Attempted Sexual Assault, freeform, 6344
Lust, freeform, 7540
Kairi (Kingdom Hearts), character, 5309
Soul Bond, freeform, 11555
Friendship/Love, freeform, 259688
Love at First Sight, freeform, 16957
Dubious Morality, freeform, 7766
Other Relationship Tags to Be Added, relationship, 21262
Other Character Tags to Be Added, character, 37093
Fluffy Ending, freeform, 12515
Reunions, freeform, 41980
Hugs, freeform, 47694
Forehead Kisses, freeform, 11422
Come Eating, freeform, 32749
Come Swallowing, freeform, 15868
Size Kink, freeform, 44635
Homophobic Language, freeform, 16666
Smoking, freeform, 39278
Meet-Cute, freeform, 27198
First Dates, freeform, 30548
Nanase Haruka/Tachibana Makoto, relationship, 4540
Tachibana Makoto, character, 9150
Nanase Haruka, character, 10112
Matsuoka Rin, character, 9525
Ryuugazaki Rei, character, 4698
Cute, freeform, 128485
Happy, freeform, 17056
5+1 Things, freeform, 29130
Hatake Kakashi, character, 32812
Kageyama Tobio, character, 32706
Kujo Jotaro, character, 13112
Giorno Giovanna, character, 11936
Higashikata Josuke (JoJo: Diamond is Unbreakable), character, 7645
Oikawa Tooru, character, 35784
Iwaizumi Hajime, character, 27375
Hisoka (Hunter X Hunter), character, 4592
Nishinoya Yuu, character, 11996
Ushijima Wakatoshi, character, 11771
Tendou Satori, character, 6981
Dio Brando, character, 7083
Akaashi Keiji, character, 25101
Bokuto Koutarou, character, 29248
Semi Eita, character, 4392
Tomioka Giyuu, character, 6475
Haiba Lev, character, 4828
Kuroo Tetsurou, character, 34541
Suoh Tamaki, character, 2226
Morinozuka Takashi, character, 1463
Roy Mustang, character, 12143
Sawamura Daichi, character, 20236
Kozume Kenma, character, 21977
Tsukishima Kei, character, 26428
Uzui Tengen, character, 0
Lemon, freeform, 14028
Declarations Of Love, freeform, 0
I'm Bad At Summaries, freeform, 0
I'm Bad At Tagging, freeform, 50481
I Wrote This Instead of Sleeping, freeform, 59427
Fluff without Plot, freeform, 0
Drama & Romance, freeform, 31282
One-Sided Attraction, freeform, 0
Porn with Feelings, freeform, 68054
Romantic Fluff, freeform, 0
Dreams and Nightmares, freeform, 114389
Sharing a Bed, freeform, 45780
Cuddles, freeform, 0
Future Fic, freeform, 47947
Birthday Fluff, freeform, 0
Canon Universe, freeform, 0
Alternate Universe - Magic, freeform, 0
Boys Kissing, freeform, 0
Biting, freeform, 54745
Marking, freeform, 0
Bullying, freeform, 38566
Alternate Universe - Merpeople, freeform, 9249
Strangers to Lovers, freeform, 33484
Frottage, freeform, 39637
Light Angst, freeform, 233713
Alternate Universe - Pirate, freeform, 7303
Alternate Universe - Vampire, freeform, 25688
Fanart, freeform, 70398
Public Display of Affection, freeform, 5502
Coffee Shops, freeform, 42747
University, freeform, 147659
Dan Howell/Phil Lester, relationship, 16957
Dan Howell, character, 15423
Phil Lester, character, 15276
Dan Howell & Phil Lester, relationship, 4936
Sirius Black/Remus Lupin, relationship, 36188
Hermione Granger, character, 113365
Spencer Reid, character, 19255
Sebastian Stan, character, 3468
Fred Weasley, character, 18392
George Weasley, character, 21306
Molly Weasley, character, 14072
Ron Weasley, character, 72823
Sirius Black, character, 71286
Remus Lupin, character, 65672
James Potter, character, 46343
Shane Madej, character, 3898
Ryan Bergara, character, 4011
Long Lost/Secret Relatives, freeform, 1583
Costume Parties & Masquerades, freeform, 4850
Interviews, freeform, 3022
Alternate Universe - Science Fiction, freeform, 22277
References to Ancient Greek Religion & Lore, freeform, 7504
Songfic, freeform, 49636
Internalized Homophobia, freeform, 37370
Family Issues, freeform, 16322
Medical Procedures, freeform, 10918
Medical Trauma, freeform, -2
Medical Inaccuracies, freeform, 7119
Terminal Illnesses, freeform, 5460
Chronic Illness, freeform, 4741
Cheating, freeform, 33749
Neglect, freeform, 18809
Camping, freeform, 8569
Domestic, freeform, 231885
Female Player (Stardew Valley), character, 1589
Alex/Female Player (Stardew Valley), relationship, 162
Alex (Stardew Valley), character, 959
Sebastian (Stardew Valley), character, 2139
Sam (Stardew Valley), character, 1713
Harvey (Stardew Valley), character, 1410
My First Fanfic, freeform, 26710
POV Third Person, freeform, 29798
Face-Sitting, freeform, 14806
blowjob, freeform, 216541
Toxic Relationship, freeform, 38838
Rough Kissing, freeform, 15584
Moaning, freeform, 3169
Degradation, freeform, 0
Name-Calling, freeform, 7356
Bruises, freeform, 7912
Riding, freeform, 23339
Cock Slut, freeform, 6093
Slut Shaming, freeform, 7762
Shane (Stardew Valley), character, 1854
Hook-Up, freeform, 5131
Drunken Kissing, freeform, 7342
Feelings Realization, freeform, 27501
Alcohol Abuse/Alcoholism, freeform, 58204
POV Alternating, freeform, 29590
Backstory, freeform, 25759
Divorce, freeform, 9612
Weddings, freeform, 43531
Originally Posted on Tumblr, freeform, 14792
Age Regression/De-Aging, freeform, 21591
Non-Sexual Age Play, freeform, 9365
Original Non-Binary Character, character, 7786
Alternate Universe - Farm/Ranch, freeform, 1988
Blackbeard | Edward Teach/Stede Bonnet, relationship, 11670
Blackbeard | Edward Teach, character, 13615
Stede Bonnet, character, 12333
Coming In Pants, freeform, 7166
Israel Hands, character, 7824
Lucius Spriggs, character, 4685
Jim Jimenez, character, 2921
Kinktober 2022, freeform, 4178
Blindfolds, freeform, 15870
Roleplay, freeform, 15316
Threesome, freeform, 102598
Dom/sub Play, freeform, 5690
Submission, freeform, 36847
Subspace, freeform, 9375
Masturbation, freeform, 139247
Flufftober 2022, freeform, 1305
Tea, freeform, 7432
Black Pete (Our Flag Means Death), character, 2293
Drowning, freeform, 10420
Breathplay, freeform, 16671
5 Times, freeform, 5599
Begging, freeform, 26581
Dom/sub Undertones, freeform, 38299
Intercrural Sex, freeform, 11406
Post-Season/Series 01, freeform, 7957
Food, freeform, 135642
Podfic, freeform, 39338
Podfic Length: 30-45 Minutes, freeform, 3620
Audio Format: MP3, freeform, 19027
Audio Format: Streaming, freeform, 16343
Anal Plug, freeform, 8428
Objectification, freeform, 4225
Desk Sex, freeform, 6769
Time Loop, freeform, 8056
Soft sex, freeform, 0
Tenderness, freeform, 13320
Embedded Images, freeform, 6979
UST, freeform, 33998
Resolved Sexual Tension, freeform, 10607
Mutual Masturbation, freeform, 20834
Podfic Welcome, freeform, 6840
Sensory Deprivation, freeform, 19998
Master/Pet, freeform, 11286
Orgasm Delay/Denial, freeform, 63713
Temperature Play, freeform, 4850
Scott Lang, character, 8413
Alternate Universe - Fantasy, freeform, 90934
moodboard, freeform, 0
Maria Hill/Natasha Romanov, relationship, 2198
Maria Hill, character, 14997
Natasha Romanov, character, 123806
Growing Old Together, freeform, 1776
POV Steve Rogers, freeform, 2387
Plans For The Future, freeform, 2172
Digital Art, freeform, 21742
Suggestive Themes, freeform, 10562
T'Challa (Marvel), character, 10522
Wakanda (Marvel), freeform, 1299
Steve Rogers/Natasha Romanov, relationship, 5988
Nick Fury & Natasha Romanov, relationship, 221
Experiments, freeform, 18164
Children, freeform, 116863
Steve Rogers Feels, freeform, 5914
Natasha Romanov Feels, freeform, -2
Raven | Mystique, character, 7657
Barney Barton, character, 970
Scott Summers, character, 5932
Charles Xavier, character, 21563
Erik Lehnsherr, character, 19441
Alex Summers, character, 3580
Wade Wilson, character, 14822
Not Canon Compliant, freeform, 68670
Mutants, freeform, 5709
Clint Barton/Phil Coulson, relationship, 11199
Slow Dancing, freeform, 11147
Steve Rogers Needs a Hug, freeform, 4965
Loki (Marvel)/Reader, relationship, 7883
Enemies to Lovers, freeform, 99503
Multiple Orgasms, freeform, 48378
Memory Loss, freeform, 26214
Hand & Finger Kink, freeform, 6676
Enthusiastic Consent, freeform, 10339
Fingerfucking, freeform, 236718
Kinks, freeform, 165242
LGBTQ Themes, freeform, 406068
Orgasm, freeform, 129962
Penis In Vagina Sex, freeform, 15134
POV Multiple, freeform, 47064
Protectiveness, freeform, 221691
Protective Loki (Marvel), freeform, 2202
Roughness, freeform, 140191
Rebecca Barnes Proctor, character, 2182
Winifred Barnes, character, 1221
Lucky (Hawkeye), character, 2115
Self-Discovery, freeform, 9765
Alternate Universe - No Powers, freeform, 46479
Family Feels, freeform, 51750
Family Secrets, freeform, 6604
Loki & Thanos (Marvel), relationship, 99
Thanos & Thor (Marvel), relationship, 0
Heimdall (Marvel), character, 3045
Brunnhilde | Valkyrie (Marvel), character, 4537
Thanos (Marvel), character, 5261
Clint Barton Is a Good Bro, freeform, 1736
Thor is Not Stupid (Marvel), freeform, 1162
Tony Stark Feels, freeform, 4153
Tony Stark Has Issues, freeform, 4737
Loki/Tony Stark, relationship, 11681
Harry Potter, character, 168330
Loki, character, 81479
BAMF Tony Stark, freeform, 2585
Parent Tony Stark, freeform, 22126
Coma, freeform, 5664
Protective Tony Stark, freeform, 9098
Howard Stark's A+ Parenting, freeform, 3861
Logan Echolls/Veronica Mars, relationship, 2548
Veronica Mars, character, 3256
Logan Echolls, character, 2857
Pre-Series, freeform, 90309
trigger warning, freeform, 19266
Implied/Referenced Rape/Non-con, freeform, 52814
Past Rape/Non-con, freeform, 19977
Alternate Universe - Historical, freeform, 54458
Alternate Universe - Everyone Lives/Nobody Dies, freeform, 32901
Pre-Canon, freeform, 90309
Family, freeform, 677727
Supernatural Elements, freeform, 310396
Holidays, freeform, 197304
Hank Pym/Steve Rogers, relationship, 0
Hank Pym, character, 1604
big ant-man, freeform, 0
normal size captain america, freeform, 0
Clint Barton & Laura Barton & Natasha Romanov, relationship, 49
Redwing & Natasha Romanov, relationship, 0
Redwing & Steve Rogers, relationship, 0
Sharon Carter & Steve Rogers, relationship, 212
James Rogers & Steve Rogers & Natasha Romanov, relationship, 0
James Rogers & Natasha Romanov, relationship, 0
James Rogers & Steve Rogers, relationship, 0
Sharon Carter (Marvel), character, 6763
Redwing (Marvel), character, 196
James Rogers, character, 310
Laura Barton, character, 4214
Alternate Universe - Neighbors, freeform, 5439
Artist Steve Rogers, freeform, 2789
Asthmatic Steve Rogers, freeform, 83
War Veteran Steve Rogers, freeform, 209
Natasha Romanov Is Not A Robot, freeform, 2744
Parent Steve Rogers, freeform, 1350
Parent Natasha Romanov, freeform, 584
Married Steve Rogers/Natasha Romanov, freeform, 0
Sounding, freeform, 4022
Shibari, freeform, 5290
Urethral Play, freeform, 1356
Microfic, freeform, 3272
James "Bucky" Barnes/Sarah Wilson, relationship, 556
Sarah Wilson (Marvel), character, 2373
Werewolves, freeform, 46610
Nymphs & Dryads, freeform, 1104
Triple Drabble, freeform, 5258
Alternate Universe - Fairy Tale, freeform, 14587
-ish?, freeform, 0
With Moodboard, freeform, -2
2 grumpy old men, freeform, 0
Phil Coulson/Melinda May, relationship, 3671
Melinda May, character, 11172
Undercover, freeform, 10770
Undercover as Married, freeform, 533
Fixing a tie, freeform, 0
Hotels, freeform, 9035
Dress Up, freeform, 2208
Young Philinda, freeform, 0
James "Bucky" Barnes/Loki, relationship, 767
Genderfluid Loki (Marvel), freeform, 1967
Nonbinary Bucky Barnes, freeform, 184
Howard Stark, character, 8201
Mafia AU, freeform, 11442
Female Tony Stark, freeform, 1164
Post-Serum Steve Rogers, freeform, 4762
Getting Together, freeform, 122832
T'Challa (Marvel)/Reader, relationship, 268
Shuri (Marvel), character, 8421
Dora Milaje, character, 364
Parker Reader, freeform, 0
Peter Parker’s Sister Reader, freeform, -2
Reader Is Peter Parker’s Sister, freeform, -2
Otto Octavius/Peter Parker, relationship, 108
Otto Octavius, character, 2317
organic webs, freeform, 0
Mentions of Murder, freeform, 82256
Inept PD, freeform, 0
Confessions, freeform, 165002
Vomiting, freeform, 26594
Sick Character, freeform, 61842
Rescue, freeform, 14230
Hand and Finger Kink, freeform, 0
Impalement, freeform, 0
Graphic Descriptions of Injuries, freeform, 186367
Comfort Sex, freeform, 5357
Jack Rollins, character, 2566
Hydra, freeform, 4851
Tentacles, freeform, 23517
Whumptober, freeform, 21863
Eldritch, freeform, 3766
Monsters, freeform, 16351
James "Bucky" Barnes & Reader, relationship, 3233
Non-Sexual Intimacy, freeform, 10311
Fluff and Hurt/Comfort, freeform, 27857
Sweet, freeform, 183989
James "Bucky" Barnes & Natasha Romanov, relationship, 1771
Nuisances to Lovers, freeform, 0
The Sprinklegate Fic of My Dreams, freeform, 0
Alternate Universe - No Superheroes, freeform, 0
Past Peggy Carter/Steve Rogers, freeform, 797
Brief Mention of Parental Death, freeform, 4660
VERY Vague and Veiled Reference to State-Sponsored Homophobia, freeform, 0
Steve Fucking LOVES Sprinkles, freeform, 0
Bucky Fucking LOVES Annoying Customers, freeform, 0
Bisexual Steve Rogers, freeform, 2539
Gay Bucky Barnes, freeform, 1080
baker!Steve, freeform, 48
Russian-ish!Bucky, freeform, 0
mild pining, freeform, 310144
I Make All My Characters Like Food I Like, freeform, 0
Bucky Loves Chocolate Croissants, freeform, 0
Putting Cashew Cream Frosting On a Cupcake Because Why the Hell Not, freeform, 0
iykyk, freeform, 0
Natasha Romanov Is a Good Bro, freeform, 4115
Bucky Barnes is a Google Reviews Troll, freeform, 0
This Is In England But You Wouldn't Know It, freeform, 5861
No Britpicker Because There Are Somehow No Brits!!!, freeform, 0
Avengers Expat Community 4 Life, freeform, 0
Clint Barton Makes a Cameo, freeform, 186
Minor Clint/Natasha Flirtationship, freeform, 0
Billy Kaplan, character, 3020
Tommy Shepherd, character, 2122
unwanted flirting, freeform, 0
not sure what to tag this, freeform, 90094
its just cute shit, freeform, -2
Winter Soldier, character, 145357
Rape/Non-con Elements, freeform, 191584
Dubious Consent, freeform, 124272
Knifeplay, freeform, 14096
No Plot/Plotless, freeform, 23373
Captain America: The Winter Soldier, freeform, 2546
Peter Parker & Morgan Stark (Marvel Cinematic Universe), relationship, 1758
Morgan Stark (Marvel Cinematic Universe), character, 7442
Ben Parker (mentioned), character, 2083
Precious Morgan Stark (Marvel Cinematic Universe), freeform, 655
Kid Morgan Stark (Marvel Cinematic Universe), freeform, 260
Peter Parker & Morgan Stark are Siblings (Marvel Cinematic Universe), freeform, 372
Horses, freeform, 5094
Horseback Riding, freeform, 1646
Sibling Bonding, freeform, 21953
Joaquín Torres, character, -2
Kate Bishop, character, 7464
Crushes, freeform, 75416
Top Steve Rogers, freeform, 3247
Bottom Bucky Barnes, freeform, 3084
Topping from the Bottom, freeform, 5333
Panty Kink, freeform, 2764
Captain America Steve Rogers/Modern Bucky Barnes, freeform, 1469
May Parker (Spider-Man) & Peter Parker, relationship, 4566
Ben Parker, character, 2083
Protective May Parker (Spider-Man), freeform, 758
Worried May Parker (Spider-Man), freeform, 392
Hurt Peter Parker, freeform, 7686
Kid Peter Parker, freeform, 1756
Teen Peter Parker, freeform, 1673
Single Parents, freeform, 10829
Family Angst, freeform, 1876
Loki/Thor (Marvel), relationship, 14156
Female Mahariel, character, 1226
Morrigan (Dragon Age), character, 3646
Coming of Age, freeform, 13878
Aveline Vallen, character, 3035
Prompt Fic, freeform, 30020
Bethany Hawke, character, 2348
Alternate Universe - Fusion, freeform, 96013
Dragon Age Kink Meme, freeform, 670
Fenris/Female Hawke, relationship, 2860
Sebastian Vael, character, 2233
Merrill (Dragon Age), character, 4379
Unresolved Sexual Tension, freeform, 33998
Double Penetration, freeform, 35890
Heartbreak, freeform, 21348
Fenris/Male Hawke, relationship, 2240
Male Hawke, character, 6522
Isabela (Dragon Age), character, 5868
Mild Language, freeform, 29093
Male Homosexuality, freeform, 37723
Psychological Trauma, freeform, 21829
Sexual Violence, freeform, 5861
Drugged Sex, freeform, 7321
Alternate Universe - Crack, freeform, 3767
Jonathan Crane, character, 3577
ish, freeform, 0
Tim Drake/Jason Todd, relationship, 5342
Alternate Universe - Hogwarts, freeform, 10642
Alternate Universe - Harry Potter Setting, freeform, 18254
Lian Harper, character, 1369
Afterlife, freeform, 9000
Fix-It of Sorts, freeform, 20947
Violent Thoughts, freeform, 3171
Logan (X-Men), character, 11098
Matt Murdock, character, 17160
Duke Thomas, character, 3888
Cassandra Cain, character, 11442
i guess, freeform, 0
I think?, freeform, 0
Dick Grayson/Jason Todd, relationship, 7209
Poison Ivy, character, 4793
Implied/Referenced Abuse, freeform, 114719
Implied Relationships, freeform, 23524
Minor Original Character(s), freeform, 13244
Barry Allen/Leonard Snart, relationship, 4433
Leonard Snart, character, 10999
Mick Rory, character, 7872
Kyle Rayner, character, 1212
Soulmate-Identifying Marks, freeform, 24263
Homophobia, freeform, 115389
Roy Harper/Thea Queen, relationship, 889
Laurel Lance, character, 4791
Nyssa al Ghul, character, 2014
Alternate Universe - Medieval, freeform, 10384
Science Fiction & Fantasy, freeform, 166554
Slurs, freeform, 25737
Ableism, freeform, 6854
Autism, freeform, 25056
Dysfunctional Relationships, freeform, 5301
Tim Drake & Damian Wayne, relationship, 2299
Stephanie Brown, character, 12141
Slade Wilson, character, 6424
Tim Drake & Jason Todd, relationship, 4760
Comedy, freeform, 71445
Dick Grayson/Wally West, relationship, 3090
Drabbles, freeform, 235628
Cass Wilson, character, -2
AJ Wilson, character, 909
mostly - Freeform, freeform, 0
wilson family cuteness, freeform, 0
listen there is no plot here, freeform, 0
its just random cute things, freeform, 0
one of them probably borders on crack but who cares, freeform, 0
Non-Chronological, freeform, 2661
Amycus Carrow/Hermione Granger/Loki, relationship, 0
Amycus Carrow, character, 610
Opposites Attract, freeform, 2403
Agatha Harkness/Reader, relationship, 207
Trans Male Character, freeform, 50339
Trans Male Reader, freeform, 0
afab language, freeform, 0
manipulative power dynamics, freeform, 0
Mommy Kink, freeform, 0
inappropriate use of magic, freeform, 0
maximoff family angst, freeform, 0
i hope this makes you sad, freeform, 0
Loss, freeform, 115429
Monica Rambeau, character, 1496
Darcy Lewis, character, 18421
Jimmy Woo, character, 467
Teddy Altman (Marvel), character, 2225
The Hex (Marvel), freeform, 32
young avengers - Freeform, freeform, 80
Missing some members because I don't want it to be overwhelming but ya know, freeform, 0
POV Monica Rambeau, freeform, 0
BAMF Monica Rambeau, freeform, 0
Clint Barton/Natasha Romanov, relationship, 11863
Clint Barton/Coffee - Relationship, relationship, 0
Liho (Marvel), character, 375
Strike Team Delta, freeform, 270
Barry the Cactus Plant, freeform, 0
Liho is demon spawn and we love her, freeform, 0
Human Disaster Clint Barton, freeform, 455
Clint and Yelena first meeting, freeform, 0
obviously, freeform, 0
Mobius M. Mobius & Thor, relationship, 0
Drunkenness, freeform, 71487
Rings, freeform, 2942
Loki/Sylvie (Loki TV), relationship, 1765
Sylvie (Loki TV), character, 2702
Sylki, freeform, 0
Anniversary, freeform, 6717
Captain America: The First Avenger, freeform, 1476
Inspired by Tumblr, freeform, 48924
John Walker (Marvel), character, 832
Jean Grey, character, 5061
Jubilation Lee, character, 1401
Emma Frost, character, 3868
Everyone Needs A Hug, freeform, 15376
Autistic Character, freeform, 0
Resurrection, freeform, 10581
Loki (Marvel)/Original Female Character(s), relationship, 4840
Explicit Language, freeform, 72627
Drunken Shenanigans, freeform, 7439
Aftermath of Violence, freeform, 7846
Family Dynamics, freeform, 16744
Personal Growth, freeform, 3808
Eventual Relationships, freeform, 16520
My First Smut, freeform, 6503
Bucky Barnes Needs a Hug, freeform, 8682
Bucky Barnes Recovering, freeform, 5583
Bucky Barnes & Sam Wilson Friendship, freeform, 971
Sam Wilson Is a Good Bro, freeform, 2256
Gratuitous Smut, freeform, 7195
Consensual Sex, freeform, 25580
Slow Romance, freeform, 19372
Sexy Times, freeform, 6019
Domestic Bliss, freeform, 10020
New York City, freeform, 7070
Romantic Friendship, freeform, 7972
Some Humor, freeform, 16899
Object Insertion, freeform, 5373
Somnophilia, freeform, 19289
Restraints, freeform, 12927
Hunter B-15 (Marvel), character, 795
Alternate Ending, freeform, 11124
Soft Loki (Marvel), freeform, 418
Aftermath, freeform, -2
Injury, freeform, 186367
Luke Garroway, character, 2968
Jocelyn Fairchild, character, 1115
Valentine Morgenstern, character, 1255
Literal Sleeping Together, freeform, 13210
Simon Lewis/Jace Wayland, relationship, 1799
Simon Lewis, character, 10055
Jace Wayland, character, 15880
Ambiguous/Open Ending, freeform, 45695
Magnus Bane/Alec Lightwood, relationship, 29755
Magnus Bane, character, 30630
Alec Lightwood, character, 32085
Implied/Referenced Sex, freeform, 20466
Coming Untouched, freeform, 11827
Isabelle Lightwood, character, 14710
Maia Roberts, character, 2681
Miscommunication, freeform, 25255
Camille Belcourt, character, 1413
Organized Crime, freeform, 33209
Angst and Tragedy, freeform, 17450
Crimes & Criminals, freeform, 72044
Sex Magic, freeform, 5302
Bad BDSM Etiquette, freeform, 3619
Kinky, freeform, 11898
Come Marking, freeform, 4197
Face-Fucking, freeform, 28972
Lingerie, freeform, 18018
Crossdressing, freeform, 34457
Boot Worship, freeform, 2477
Tattoos, freeform, 21939
Ragnor Fell, character, 2514
Catarina Loss, character, 3890
Silly, freeform, 15630
Simon Lewis/Raphael Santiago, relationship, 2467
Raphael Santiago, character, 5288
Pansexual Character, freeform, 11002
Asexual Character, freeform, 31039
Boyfriends, freeform, 13566
Hurt Magnus Bane, freeform, 1022
Protective Alec Lightwood, freeform, 1104
Rafael Lightwood-Bane, character, 1328
Max Lightwood-Bane, character, 1778
Brotherly Love, freeform, 15346
Burns, freeform, 6302
Robert Lightwood, character, 2166
Alec Lightwood Deserves Nice Things, freeform, 1809
Alec Lightwood-centric, freeform, 427
Bad Parent Robert Lightwood, freeform, 476
Blackmail, freeform, 9796
Threats, freeform, 8411
Malec, freeform, 0
Magnus Bane Deserves Nice Things, freeform, 1445
Original Male Character(s) of Color, character, 1922
Original Female Character(s) of Color, character, 5990
Sexual Roleplay, freeform, 7150
I promise, freeform, 0
Clary Fray, character, 11339
Alec Lightwood & Jace Wayland Friendship, freeform, 192
Making Out, freeform, 47937
Double Penetration in Two Holes, freeform, 11060
Clone Sex, freeform, 1114
Facials, freeform, 11012
Wet & Messy, freeform, 7563
Post-Coital Cuddling, freeform, 6178
Making Up, freeform, 11106
Thomas Nightingale, character, 795
Abdul Haqq Walid/Thomas Nightingale, relationship, 0
Abdul Haqq Walid, character, 105
Molly (Rivers of London), character, 228
Peter Grant (Rivers of London), character, 296
OC - Character, character, 690270
Awkward Conversations, freeform, 9921
OCs, character, 690270
Witches, freeform, 20368
Fanmix, freeform, 2122
Fae & Fairies, freeform, 16428
Honeymoon, freeform, 3948
Dreams vs. Reality, freeform, 2605
Clubbing, freeform, 7295
Music, freeform, 128059
Blood Magic, freeform, 3824
depictions of violence, freeform, 472556
Peter Parker/Tony Stark, relationship, 8642
noncon, freeform, 225202
Manipulation, freeform, 74599
Underage - Freeform, freeform, 92204
Dehumanization, freeform, 5499
Conditioning, freeform, 1690
Mind Break, freeform, 0
Michelle Jones/Peter Parker, relationship, 7116
Michelle Jones, character, 14951
Ned Leeds, character, 15273
Quentin Beck, character, -2
Soulmate AU, freeform, 65782
Norman Osborn, character, 2359
Grief, freeform, 104041
Canonical Character Death, freeform, 66688
May Parker, character, 17642
Thanksgiving, freeform, 4172
Self-Hatred, freeform, 33120
Self-Esteem Issues, freeform, 32115
Peter Parker Needs a Hug, freeform, 13336
Prequel, freeform, 7036
Gwen Stacy, character, 4390
Happy Hogan, character, 11209
Protective Peter Parker, freeform, 3066
Protective Natasha Romanov, freeform, 3458
BAMF Natasha Romanov, freeform, 1868
BAMF Pepper Potts, freeform, 1023
BAMF Peter Parker, freeform, 2044
Steve Rogers is Not a Virgin, freeform, 817
Large Cock, freeform, 22856
Gentle Sex, freeform, 8542
Explicit Consent, freeform, 9316
Barebacking, freeform, 21218
Vibrators, freeform, 16442
Safeword Use, freeform, 3101
Safe Sane and Consensual, freeform, 8902
Making Love, freeform, 9056
Morning Sex, freeform, 8783
Spanking, freeform, 67653
Cock Warming, freeform, 14399
Flash Thompson, character, 6030
Peter Parker & Pepper Potts, relationship, 2312
Clint Barton & Peter Parker, relationship, 688
Spider-Man, character, 91977
Iron Man, character, 195365
Captain America - Character, character, 196769
Sam Wilson, character, 60071
Poor Peter Parker, freeform, 708
Hurt Peter, freeform, 9319
Irondad, freeform, 22126
spiderson, freeform, 13756
Peter Parker Whump, freeform, 3580
Ned Leeds & Peter Parker, relationship, 4257
Michelle Jones & Peter Parker, relationship, 2450
Michelle Jones & Ned Leeds & Peter Parker, relationship, 2840
Karen (Spider-Man: Homecoming), character, 1056
Ned Leeds is a Good Bro, freeform, 1854
Michelle Jones Is a Good Bro, freeform, 755
May Parker (Spider-Man) & Tony Stark Coparenting Peter Parker, freeform, 788
Texting, freeform, 30092
Shooting, freeform, 3817
Post-Avengers: Endgame (Movie), freeform, 6801
Happy Hogan & Peter Parker, relationship, 1157
no beta we die like men, freeform, 265951
Tony Stark Needs a Hug, freeform, 13132
Abuse, freeform, 304401
Evil, freeform, 9710
Near Death, freeform, 20927
Peter Parker/Mary Jane Watson, relationship, 1313
Mary Jane Watson, character, 3757
Miles Morales, character, 2755
But also, freeform, 0
Bisexual Peter Parker, freeform, 1709
Peter Parker is a Mess, freeform, 4270
Getting to Know Each Other, freeform, 11230
Scheming, freeform, 2641
Dwayne "The Rock" Johnson, character, 172
Me, character, 1944
Breaking the Fourth Wall, freeform, 4935
Cousin Incest, freeform, 3492
I'm Sorry, freeform, 55663
Trauma, freeform, 212007
Childhood Memories, freeform, 12780
Affection, freeform, 17641
Self-Indulgent, freeform, 34768
Gon Freecs, character, 6834
Rebirth, freeform, 2730
Spoilers, freeform, 109199
Multiple Crossovers, freeform, 3190
Poetry, freeform, 51616
Gon Freecs/Killua Zoldyck, relationship, 4324
Killua Zoldyck, character, 7030
Implied/Referenced Homophobia, freeform, 22916
Platonic Relationships, freeform, 67861
Codependency, freeform, 7699
Ryuk (Death Note), character, 1449
Dazai Osamu (Bungou Stray Dogs), character, 31714
Akagami no Shanks | Red-Haired Shanks, character, 3368
Fujioka Haruhi, character, 2123
Ootori Kyouya, character, 2316
Chess, freeform, 2731
Attempt at Humor, freeform, 44095
Murder Mystery, freeform, 10650
Blood and Violence, freeform, 44083
Painful Sex, freeform, 4493
Dead Dove: Do Not Eat, freeform, 42035
Implied/Referenced Underage Sex, freeform, 6940
This Is STUPID, freeform, 5886
Modern AU, freeform, 292333
Belle/Rumplestiltskin | Mr. Gold, relationship, -2
Belle (Once Upon a Time), character, -2
Rumplestiltskin | Mr. Gold, character, -2
Pregnancy, freeform, 143791
Keith/Lance (Voltron), relationship, 32142
Draco Malfoy/Harry Potter, relationship, 58417
Keith (Voltron), character, 60399
Lance (Voltron), character, 52426
Shiro (Voltron), character, 48794
Draco Malfoy, character, 106926
Prince Charming | David Nolan/Snow White | Mary Margaret Blanchard, relationship, 3130
Prince Charming | David Nolan, character, 10234
Snow White | Mary Margaret Blanchard, character, 11659
Emma Swan, character, 30277
Miscarriage, freeform, 9112
Evil Queen | Regina Mills/Emma Swan, relationship, 15094
Evil Queen | Regina Mills, character, 24843
Henry Mills (Once Upon a Time), character, 12315
Baelfire | Neal Cassidy, character, 4064
Robin Hood (Once Upon a Time), character, 5088
Red Riding Hood | Ruby, character, 6973
Lesbian Character, freeform, 43196
Fairy Tale Elements, freeform, 31521
Alternate Universe - Modern with Magic, freeform, 9407
Curses, freeform, 16256
Prince "Charming" James | David Nolan/Snow White | Mary Margaret Blanchard, relationship, 3130
Prince "Charming" James | David Nolan, character, 10234
Werewolf Mates, freeform, 3214
Royalty, freeform, 57082
Captain Hook | Killian Jones, character, 15524
Fingering, freeform, 236724
Complete, freeform, 21992
Tumblr Prompt, freeform, 32876
Road Trips, freeform, 18597
Sacrifice, freeform, 13053
Mulan (Once Upon a Time), character, 1191
Isaac Lahey, character, 25502
Chris Argent, character, 10136
Scott McCall, character, 49131
Sheriff Stilinski, character, 25477
Kira Yukimura, character, 9201
Liam Dunbar, character, 10386
Theo Raeken, character, 8724
High School, freeform, 111311
Trans Character, freeform, 115614
Emotional Sex, freeform, 6081
Scott McCall (Teen Wolf), character, 49131
Episode Tag, freeform, 16930
What-If, freeform, 13342
Female Reader - Character, character, 223746
Allison Argent, character, 22359
Lydia Martin, character, 33385
Derek Hale, character, 74908
Jackson Whittemore, character, 15592
Liam Dunbar/Theo Raeken, relationship, 5275
Mason Hewitt, character, 4164
Corey Bryant, character, 2628
Redemption, freeform, 25900
Derek Hale/Stiles Stilinski, relationship, 64936
Tumblr Ask Box Fic, freeform, 4246
Sheriff Stilinski's Name is John, freeform, 2173
Peter Hale/Stiles Stilinski, relationship, 8771
Peter Hale, character, 23269
Illnesses, freeform, 101848
Laura Hale, character, 8012
Danny Mahealani, character, 8249
Erica Reyes, character, 17183
Vernon Boyd, character, 14602
Everyone Is Alive, freeform, 48302
Period-Typical Homophobia, freeform, 17133
Malia Tate, character, 8853
Emotional/Psychological Abuse, freeform, 39876
Verbal Abuse, freeform, 8425
Canon Lesbian Relationship, freeform, 4517
Cutting, freeform, 6853
Levi/Eren Yeager, relationship, 17181
Jean Kirstein, character, 22986
Mikasa Ackerman, character, 23516
Erwin Smith, character, 24602
Hange Zoë, character, -2
High School AU, freeform, 86339
Levi (Shingeki no Kyojin), character, 43087
Minor Injuries, freeform, 21265
Eren Yeager, character, 39457
Alternate Universe - Reincarnation, freeform, 11361
Hallucinations, freeform, 16803
Recovered Memories, freeform, 2485
Past Character Death, freeform, 20939
Inspired by Music, freeform, 27400
Levi/Erwin Smith, relationship, 11422
War, freeform, 50820
Action & Romance, freeform, 8444
Worldbuilding, freeform, 18168
Midoriya Izuku/Reader, relationship, 2498
Bakugou Katsuki, character, 122940
Todoroki Shouto, character, 72323
Kirishima Eijirou, character, 64831
Yagi Toshinori | All Might, character, 39960
Aizawa Shouta | Eraserhead, character, 67472
Shigaraki Tomura | Shimura Tenko, character, 23012
Sensei | All For One, character, 10849
Eri (My Hero Academia), character, 10049
Tsukauchi Naomasa, character, 5722
League of Villains (My Hero Academia), character, 9165
Midoriya Inko, character, 24284
Midoriya Izuku, character, 133040
Uraraka Ochako, character, 47863
Iida Tenya, character, 29214
Gender-Neutral Pronouns, freeform, 18795
Manga & Anime, freeform, 3356
Abduction, freeform, 78769
Midoriya Izuku Has One for All Quirk, freeform, 5075
Bakugou Katsuki/Reader, relationship, 5922
Yandere, freeform, 16793
Stalking, freeform, 18673
Female Midoriya Izuku, freeform, 2536
Kaminari Denki, character, 47039
Dabi | Todoroki Touya, character, 32833
Takami Keigo | Hawks, character, 22381
Shinsou Hitoshi, character, 36150
Toga Himiko, character, 13463
Bakugou Katsuki Swears A Lot, freeform, 22353
Soft Bakugou Katsuki, freeform, 8016
Characters Are Pro Heroes (My Hero Academia), freeform, 14534
Pro Hero Midoriya Izuku, freeform, 4280
Protective Bakugou Katsuki, freeform, 7633
Bakugou Katsuki is Bad at Feelings, freeform, 16006
Todoroki Shouto/Reader, relationship, 2490
Class 1-A (My Hero Academia), character, 35263
Ashido Mina, character, 34092
POV Female Character, freeform, -2
Strong Female Characters, freeform, 5124
Protective Kirishima Eijirou, freeform, 1450
Sanzu Haruchiyo, character, 2685
Koko | Kokonoi Hajime, character, 2470
Mikey | Sano Manjirou, character, 6826
Takemitchy | Hanagaki Takemichi, character, 6329
Nedzu (My Hero Academia), character, 7326
Gojo Satoru, character, 21473
Sukuna | Ryoumen Sukuna, character, 7467
Itadori Yuuji, character, 13847
Fushiguro Megumi, character, 14573
Kamado Tanjirou, character, 8032
Kamado Nezuko, character, 4171
Protective Aizawa Shouta | Eraserhead, freeform, 4879
Dimension Travel, freeform, 9985
Bakugou Katsuki & Midoriya Izuku, relationship, 14389
Midoriya Izuku & Shinsou Hitoshi, relationship, 5188
Aizawa Shouta | Eraserhead & Midoriya Izuku, relationship, 10012
Midoriya Izuku & Yagi Toshinori | All Might, relationship, 6435
Class 1-A & Midoriya Izuku, relationship, 4262
Midoriya Izuku & Todoroki Shouto, relationship, 6551
Hatsume Mei, character, 5554
Chisaki Kai | Overhaul, character, 4926
BAMF Midoriya Izuku, freeform, 8615
Scary Midoriya Izuku, freeform, 665
Parental Aizawa Shouta | Eraserhead, freeform, 15142
Parental Yagi Toshinori | All Might, freeform, 4708
Shinsou Hitoshi Replaces Mineta Minoru, freeform, 4358
Quirkless Midoriya Izuku, freeform, 11450
Midoriya Izuku/Toga Himiko, relationship, 781
Tobita Danjuurou | Gentle Criminal, character, 246
Oguro Iwao | Knuckleduster, character, 175
Midoriya Izuku/Todoroki Shouto, relationship, 22135
Aizawa Shouta | Eraserhead/Yamada Hizashi | Present Mic, relationship, 18646
Midoriya Hisashi, character, 5572
Yamada Hizashi | Present Mic, character, 30531
Midoriya Izuku is a Ray of Sunshine, freeform, 5945
Todoroki Enji | Endeavor's Bad Parenting, freeform, 7259
Todoroki Enji | Endeavor, character, 19630
Todoroki Rei, character, 6238
Asui Tsuyu, character, 16935
Yaoyorozu Momo, character, 25238
Sero Hanta, character, 25062
Toogata Mirio, character, 6370
Tragedy, freeform, 41586
Gore, freeform, 46802
Todoroki Shouto is Bad at Feelings, freeform, 2858
Drug Abuse, freeform, 7383
Todoroki Shouto Needs a Hug, freeform, 2964
Sexual Abuse, freeform, 18181
Kink, freeform, 165244
Midoriya Izuku Does Not Have One for All Quirk, freeform, 8791
Hagakure Tooru, character, 8575
Jirou Kyouka, character, 21223
My First Work in This Fandom, freeform, 16658
Slow To Update, freeform, 9811
Bakugou Katsuki/Midoriya Izuku, relationship, 35391
Midoriya Izuku Has a Quirk, freeform, 9919
Bakugou Mitsuki, character, 9617
Bakugou Katsuki Needs a Hug, freeform, 2922
Midoriya Izuku is a Dork, freeform, 3938
Growing Up, freeform, 27917
Epic Friendship, freeform, 2849
Romantic Comedy, freeform, 19653
Alternate Universe - No Quirks (My Hero Academia), freeform, 11664
Insecurity, freeform, 52216
Past Sexual Abuse, freeform, 8963
Trust Issues, freeform, 14861
Daddy Issues, freeform, 10447
Mommy Issues, freeform, 3898
Christmas Eve, freeform, 6871
Winter, freeform, 13778
Midoriya Izuku/Uraraka Ochako, relationship, 8065
Hank McCoy, character, 6814
Kitty Pryde, character, 2950
Bobby Drake, character, 2298
Cultural Differences, freeform, 9057
Hakamata Tsunagu | Best Jeanist, character, 1605
Usagiyama Rumi | Miruko, character, 4337
Sexual Frustration, freeform, 3940
Sexual Fantasy, freeform, 13457
Awkward Sexual Situations, freeform, 10605
Midoriya Izuku Needs A Hug, freeform, 10545
Quirk Accident (My Hero Academia), freeform, 1508
James "Bucky" Barnes/Tony Stark, relationship, 9665
James "Bucky" Barnes/Peter Parker, relationship, 1053
OT3, freeform, 9166
Bucky Barnes Has PTSD, freeform, 1350
Fatherhood, freeform, 41309
Accidental Baby Acquisition, freeform, 4345
Baby, freeform, 26424
Language, freeform, 233820
Awkward Flirting, freeform, 16715
Pre-Slash, freeform, 53362
Post-Captain America: Civil War (Movie), freeform, 7710
Civil War Team Iron Man, freeform, 2428
Post-Civil War (Marvel), freeform, 8647
Tony Stark/Stephen Strange, relationship, 6468
Bruce Banner/Tony Stark, relationship, 4692
Non-Graphic Smut, freeform, 4045
Avenger Loki (Marvel), freeform, 1820
Steve Rogers/Sam Wilson, relationship, 3296
Sam Wilson is a Gift, freeform, 1377
James "Bucky" Barnes/Darcy Lewis, relationship, 2885
Time Shenanigans, freeform, 1859
James "Bucky" Barnes/Brock Rumlow, relationship, 1363
Brock Rumlow, character, 8512
HYDRA Trash Party, freeform, 1642
Body Horror, freeform, -2
Pain, freeform, 44362
Cock & Ball Torture, freeform, 3987
Steve Rogers & Sam Wilson, relationship, 2209
Alexander Pierce, character, 3219
Jasper Sitwell, character, 1666
Steve Rogers Is a Good Bro, freeform, 1401
Awkwardness, freeform, 72590
Don’t copy to another site, freeform, -2
Marriage, freeform, 208638
Post-Captain America: The Winter Soldier, freeform, 7895
Not Captain America: Civil War (Movie) Compliant, freeform, 3137
Not Avengers: Age of Ultron (Movie) Compliant, freeform, 1432
Eddie Brock/Venom Symbiote, relationship, 4078
Eddie Brock & Venom Symbiote, relationship, 895
Eddie Brock, character, 5758
Eddie Brock | Venom, character, 2522
Protective Venom Symbiote (Marvel), freeform, 413
Alternate Universe - Soulmates, freeform, 65782
Dreams, freeform, 34848
Venom Symbiote (Marvel), character, 6246
Alien Biology, freeform, 9027
Feelings, freeform, 131304
5 Things, freeform, 37226
Podfic Available, freeform, 5142
mentioned - Character, character, 0
If You Squint - Freeform, freeform, 7104
Old Married Couple, freeform, 2948
Sarcasm, freeform, 5209
Aliens, freeform, 30241
Intrusive Thoughts, freeform, 0
Licking, freeform, 12983
Human/Monster Romance, freeform, 4236
Alien Sex, freeform, 3812
Possessive Venom Symbiote (Marvel), freeform, 258
Rain, freeform, 15841
Potions Class (Harry Potter), freeform, 424
Porn, freeform, 358437
Fucking, freeform, 5487
Tentacle Sex, freeform, 11007
Jeong Yuno | Jaehyun, character, 15227
Lee Taeyong, character, 15956
Come as Lube, freeform, 3748
lapslock, freeform, 10071
Nipple Piercings, freeform, 4666
Kim Hongjoong/Park Seonghwa, relationship, 4657
Choi San/Jung Wooyoung, relationship, 3694
Park Seonghwa, character, 10076
Kim Hongjoong, character, 9812
Choi San, character, 9614
Jung Wooyoung, character, 9818
Kang Yeosang, character, 8185
Choi Jongho, character, 6642
Song Mingi, character, 7381
Jeong Yunho, character, 7882
Alternative Universe - Kingdom, freeform, 2596
Friends With Benefits, freeform, 33851
Blood Kink, freeform, 20996
Kim Seokjin | Jin/Min Yoongi | Suga, relationship, 8735
Kim Namjoon | RM/Park Jimin, relationship, 6487
Cute Min Yoongi | Suga, freeform, 2194
Carnival, freeform, 2100
Old Friends, freeform, 2784
Rejection, freeform, 4088
Jeon Jungkook/Park Jimin, relationship, 26273
Bangtan Boys | BTS Ensemble, character, 7178
Omega Park Jimin (BTS), freeform, 4062
Alpha Jeon Jungkook, freeform, 4778
Prince Park Jimin (BTS), freeform, 608
Servant Jeon Jungkook, freeform, 31
Political Intrigue, freeform, 21548
Morally Ambiguous Character, freeform, 6470
Love Triangles, freeform, 18352
Fantasy elements, freeform, 310402
Bickering, freeform, 11744
Mating Cycles/In Heat, freeform, 38316
Ritual Public Sex, freeform, 551
Mating Bond, freeform, 6707
Threats of Violence, freeform, 11582
Lee Heeseung, character, 5096
Nishimura Riki | Ni-ki, character, 3725
Park Jongseong | Jay, character, 5227
Yang Jungwon, character, 4604
Sim Jaeyun | Jake, character, 4746
Kang Taehyun, character, 8337
Choi Beomgyu, character, 9217
Kim Seokjin | Jin, character, 92815
Min Yoongi | Suga, character, 113262
Jung Sungchan, character, 1469
Qian Kun, character, 6491
Prom, freeform, 4556
Kim Junmyeon | Suho/Zhang Yi Xing | Lay, relationship, 1063
Kim Junmyeon | Suho, character, 12156
Zhang Yi Xing | Lay, character, 9110
Kim Jongin | Kai, character, 18864
Jackson Wang, character, 9471
Byun Baekhyun, character, 21825
Oh Sehun, character, -2
Do Kyungsoo | D.O, character, 16842
Kim Minseok | Xiumin, character, 10470
Jeon Jungkook, character, 121064
Kim Taehyung | V, character, 111941
Park Jimin (BTS), character, 114711
Kim Namjoon | RM, character, 95658
Jung Hoseok | J-Hope, character, 89859
Angels, freeform, 29940
Kim Seungmin, character, 17878
Unprotected Sex, freeform, 18908
Kim Taehyung | V/Park Jimin, relationship, 14095
mermaid, freeform, 19817
Sea, freeform, 5347
jikook - Freeform, freeform, 0
kookmin, freeform, 0
Choi Beomgyu/Kang Taehyun, relationship, 2732
Choi Soobin, character, 10344
Choi Yeonjun, character, 10574
Huening Kai, character, 7667
Sickfic, freeform, 42720
Kim Hyunjin (LOONA), character, 1624
Jeong Jinsol | Jinsoul, character, 2035
Lee Donghyuck | Haechan/Mark Lee, relationship, 9354
Mark Lee (NCT), character, 21147
Lee Donghyuck | Haechan, character, 22726
Alternate Universe - Superheroes/Superpowers, freeform, 19532
Sad and Happy, freeform, 3736
Kim Jongin | Kai/Oh Sehun, relationship, 2946
Lee Felix (Stray Kids), character, 22188
Hwang Hyunjin, character, 22192
